Measurement,Date,ID,Block,Ramet,Obs,HHMMSS,FTime,Photo,Cond,Ci,Trmmol,VpdL,Area,StmRat,BLCond,Tair,Tleaf,TBlk,CO2R,CO2S,H2OR,H2OS,RH_R,RH_S,Flow,PARi,PARo,Press,CsMch,HsMch,StableF,Status,,,
Initial,16-Sep,PI4,17,d,14,12:10:05,1946,32.1,0.129,-33.4,3.38,2.57,2.3,1,4.46,25.27,24.45,25.22,398.46,383.07,3.7,5.25,11.09,15.73,499.7,399,0,96.84,-4.06,0.14,0.7,111115,,,
Initial,16-Sep,OP8,17,d,15,12:11:51,2052,22.4,0.07,-135,1.96,2.7,2.3,1,4.46,25.39,24.83,25.33,400.08,389.42,3.77,4.666,11.22,13.89,499.7,401,0,96.83,-4.06,0.14,0.7,111115,,,
Initial,16-Sep,OP9,17,d,16,12:14:31,2211.5,22.6,0.0782,-87,2.16,2.67,2.3,1,4.46,25.51,24.8,25.46,400.03,389.24,3.86,4.85,11.4,14.33,499.7,401,1,96.83,-4.06,0.14,0.7,111115,,,
Initial,16-Sep,PI15,17,d,17,12:16:55,2356,25.9,0.112,2.18,3.02,2.62,2.3,1,4.46,25.65,24.74,25.6,399.95,387.47,3.949,5.332,11.57,15.62,499.6,401,0,96.82,-4.06,0.14,0.7,111115,,,
Initial,16-Sep,OP4,18,d,18,12:18:57,2478,25.2,0.121,36.7,3.27,2.64,2.3,1,4.46,25.75,24.97,25.7,399.98,387.81,4.015,5.51,11.7,16.05,499.7,401,0,96.82,-4.06,0.14,0.7,111115,,,
Initial,16-Sep,OP5,18,d,19,12:20:39,2580,16.4,0.0925,91.6,2.57,2.69,2.3,1,4.46,25.82,25.08,25.78,399.87,391.84,4.059,5.234,11.77,15.18,499.7,399,0,96.82,-4.06,0.14,0.7,111115,,,
Initial,16-Sep,PI19,6,b,20,12:22:44,2704.5,26.5,0.124,29.7,3.37,2.64,2.3,1,4.46,25.88,25.03,25.85,399.91,387.13,4.11,5.65,11.88,16.33,499.7,399,0,96.82,-4.06,0.14,0.7,111115,,,
Initial,16-Sep,PI12,18,d,21,12:25:04,2845,27.5,0.134,41.2,3.62,2.64,2.3,1,4.46,25.94,25.1,25.92,399.85,386.56,4.154,5.81,11.97,16.73,499.7,399,0,96.82,-4.06,0.14,0.7,111115,,,
Initial,16-Sep,CE10,6,b,22,12:27:49,3010,29.6,0.141,32.1,3.71,2.58,2.3,1,4.46,26.04,24.84,26.03,399.76,385.5,4.209,5.908,12.05,16.91,499.7,399,1,96.82,-4.06,0.14,0.7,111115,,,
Initial,16-Sep,PI3,18,d,23,12:29:55,3136,18.9,0.0707,-50.3,2.03,2.77,2.3,1,4.46,26.11,25.47,26.09,399.73,390.67,4.253,5.182,12.13,14.78,499.7,401,1,96.82,-4.06,0.14,0.7,111115,,,
Initial,16-Sep,PI28,16,d,24,12:32:02,3262.5,24.8,0.103,-12.1,2.87,2.7,2.3,1,4.46,26.16,25.33,26.15,399.63,387.72,4.292,5.606,12.2,15.93,499.7,400,0,96.82,-4.06,0.14,0.7,111115,,,
Initial,16-Sep,OP3,16,d,25,12:34:59,3439,17.3,0.0476,-199,1.39,2.8,2.3,1,4.46,26.23,25.51,26.21,399.7,391.49,4.336,4.972,12.27,14.07,499.7,399,0,96.8,-4.06,0.14,0.7,111115,,,
Final,22-Sep,OP7     ,10,b                                     ,1,11:42:43,187,7.85,0.0859,232,2.68,3.08,2.3,1,4.46,26.94,25.53,26.85,400.3,396.2,0.756,1.986,2.1,5.51,499.7,400,0,98.87,0.741,-0.0415,1,111115,,,
Final,22-Sep,FR6     ,10,b                                     ,3,11:47:59,503.5,12.4,0.0827,136,2.73,3.26,2.3,1,4.46,27.17,26.43,27.1,400.37,394.15,0.824,2.076,2.25,5.68,499.7,400,0,98.87,0.741,-0.0415,0.7,111115,,,
Final,22-Sep,RE5     ,10,b                                     ,4,12:10:20,1844.5,-3.1,0.0831,439,2.79,3.32,2.3,1,4.46,27.91,26.74,27.86,400.78,401.69,0.795,2.077,2.08,5.44,499.7,401,0,98.86,0.741,-0.0415,1,111115,,,
Final,22-Sep,FR1     ,10,b                                     ,6,12:18:12,2316,-6.95,0.00972,1.49E+03,0.363,3.62,2.3,1,4.46,28.11,27.66,28.06,400.64,403.77,0.829,0.996,2.15,2.58,499.7,400,0,98.85,0.741,-0.0415,1,111115,,,
Final,22-Sep,CE7b    ,9,b                                     ,7,12:24:24,2687.5,17.5,0.122,143,3.99,3.26,2.3,1,4.46,28.21,26.76,28.18,400.72,391.96,0.864,2.695,2.22,6.93,499.7,400,1,98.84,0.741,-0.0415,1,111115,,,
Final,22-Sep,PI3     ,9,b                                     ,8,12:27:44,2888,0.728,0.0261,334,0.961,3.58,2.3,1,4.46,28.26,27.63,28.23,400.67,400.16,0.877,1.319,2.25,3.38,499.7,400,0,98.83,0.741,-0.0415,1,111115,,,
Final,22-Sep,CE4     ,9,b                                     ,9,12:30:40,3063.5,7.67,0.0417,86.8,1.47,3.45,2.3,1,4.46,28.12,27.12,28.12,401.21,397.41,0.857,1.533,2.22,3.96,499.7,400,0,98.84,0.741,-0.0415,1,111115,,,
Final,22-Sep,CE5     ,9,b                                     ,10,12:33:07,3211,19,0.0902,35.6,2.97,3.26,2.3,1,4.46,27.87,26.47,27.9,398.74,389.48,0.798,2.16,2.09,5.67,499.8,400,0,98.84,0.741,-0.0415,1,111115,,,
Final,22-Sep,CE9     ,9,b                                     ,11,12:34:50,3314.5,14.9,0.0796,77.5,2.61,3.24,2.3,1,4.46,27.61,26.26,27.66,401.13,393.81,0.738,1.935,1.97,5.16,499.7,400,0,98.84,0.741,-0.0415,0.7,111115,,,
Final,22-Sep,FR8     ,9,b                                     ,12,12:37:05,3449.5,5.38,0.0274,70.4,0.949,3.38,2.3,1,4.46,27.35,26.54,27.39,401.24,398.59,0.664,1.1,1.8,2.98,499.8,400,0,98.84,0.741,-0.0415,1,111115,,,
Final,22-Sep,PI15    ,9,b                                     ,13,12:39:26,3590,-4.33,-0.00182,-3.32E+03,-0.0628,3.34,2.3,1,4.46,27.02,26.13,27.07,401.37,403.37,0.588,0.56,1.62,1.54,499.6,400,0,98.83,0.741,-0.0415,1,111115,,,
Final,22-Sep,PI4     ,9,b                                     ,14,12:43:14,3818.5,18.3,0.0666,-61.8,2.12,3.13,2.3,1,4.46,26.52,25.5,26.56,399.81,391.02,0.453,1.426,1.29,4.05,499.8,401,0,98.83,0.741,-0.0415,0.7,111115,,,
Initial,22-Sep,PI1     ,7,b                                     ,12,13:09:52,1429.5,2.92,0.0397,263,1.22,3.02,2.3,1,4.46,25.21,24.35,25.21,399.36,397.79,-0.122,0.439,-0.37,1.35,499.7,399,0,98.8,0.741,-0.0415,0.7,111115,,,
Initial,22-Sep,PI12    ,6,b                                     ,13,13:12:05,1562.5,0.784,0.0134,289,0.424,3.08,2.3,1,4.46,25.17,24.48,25.16,400.69,400.25,-0.151,0.044,-0.46,0.14,499.6,400,0,98.8,0.741,-0.0415,0.7,111115,,,
Initial,22-Sep,OP6     ,6,b                                     ,14,13:14:33,1711,12.6,0.0661,74.2,1.99,2.97,2.3,1,4.46,25.16,24.28,25.13,400.24,394.09,-0.169,0.746,-0.52,2.3,499.7,399,1,98.79,0.741,-0.0415,1,111115,,,
Initial,22-Sep,PI2     ,6,b                                     ,15,13:17:12,1869,3.66,0.038,228,1.17,3.02,2.3,1,4.46,25.14,24.35,25.11,400.31,398.41,-0.185,0.353,-0.57,1.09,499.7,399,0,98.79,0.741,-0.0415,1,111115,,,
Initial,22-Sep,PL2     ,6,b                                     ,16,13:19:32,2009.5,10.2,0.0774,168,2.29,2.93,2.3,1,4.46,25.14,24.11,25.1,400.33,395.22,-0.203,0.852,-0.63,2.62,499.7,399,0,98.79,0.741,-0.0415,0.7,111115,,,
Initial,22-Sep,CE6     ,7,b                                     ,17,13:21:17,2114,4.02,0.0422,229,1.3,3.02,2.3,1,4.46,25.1,24.33,25.07,400.22,398.14,-0.22,0.376,-0.68,1.16,500.4,401,1,98.79,0.741,-0.0415,0.3,111115,,,
Initial,22-Sep,OP1     ,7,b                                     ,18,13:23:44,2261.5,8.53,0.0653,171,1.94,2.94,2.3,1,4.46,25.05,24.04,25.02,400.32,396.05,-0.249,0.644,-0.77,2,500.6,400,0,98.78,0.741,-0.0415,0.7,111115,,,
Initial,22-Sep,PI21    ,7,b                                     ,19,13:25:38,2375.5,-4.67,0.00724,1.39E+03,0.23,3.09,2.3,1,4.46,24.99,24.45,24.97,400.26,402.37,-0.273,-0.168,-0.85,-0.52,500.6,400,1,98.78,0.741,-0.0415,1,111115,,,
Initial,22-Sep,PI25    ,7,b                                     ,20,13:27:38,2495,-2.32,0.241,400,5.97,2.54,2.3,1,4.46,24.87,22.76,24.88,400.19,400.16,-0.301,2.433,-0.94,7.62,500.6,400,0,98.77,0.741,-0.0415,0.7,111115,,,
Initial,22-Sep,PI9     ,7,b                                     ,21,13:29:13,2590.5,-1.28,0.0457,426,1.33,2.87,2.3,1,4.46,24.81,23.43,24.82,400.25,400.59,-0.322,0.29,-1.01,0.91,500.6,400,0,98.77,0.741,-0.0415,0.7,111115,,,
Initial,22-Sep,RE3     ,7,b                                     ,22,13:30:48,2685,-1.02,0.0539,412,1.61,2.94,2.3,1,4.46,24.79,23.92,24.79,400.34,400.51,-0.344,0.397,-1.08,1.25,500.7,399,0,98.77,0.741,-0.0415,0.7,111115,,,
Initial,22-Sep,OP2     ,7,b                                     ,23,13:32:22,2779.5,-8.34,0.00308,4.62E+03,0.0967,3.06,2.3,1,4.46,24.76,24.18,24.76,400.25,404.06,-0.363,-0.318,-1.14,-1,500.6,399,0,98.77,0.741,-0.0415,1,111115,,,
Final,19-Sep,PI4     ,17,d                                     ,1,11:46:13,192.5,4.42,0.0345,177,1.18,3.26,2.3,1,4.46,27.39,26.86,27.29,400.85,398.6,2.431,2.971,6.43,7.86,499.7,401,0,96.91,0.428,0.0224,0.7,111115,,,
Final,19-Sep,OP8     ,17,d                                     ,2,11:48:49,348,6.34,0.0715,237,2.33,3.15,2.3,1,4.46,27.52,26.6,27.42,400.93,397.58,2.522,3.591,6.63,9.43,499.7,400,0,96.91,0.428,0.0224,0.7,111115,,,
Final,19-Sep,PI15    ,17,d                                     ,3,11:51:20,499,13.2,0.0572,9.02,1.92,3.23,2.3,1,4.46,27.62,26.97,27.52,400.79,394.36,2.598,3.479,6.78,9.09,499.7,400,0,96.91,0.428,0.0224,0.7,111115,,,
Final,19-Sep,OP9     ,17,d                                     ,4,11:53:44,642.5,8.05,0.103,252,3.32,3.13,2.3,1,4.46,27.69,26.79,27.61,400.82,396.51,2.661,4.181,6.92,10.87,499.7,400,0,96.93,0.428,0.0224,0.7,111115,,,
Final,19-Sep,OP5     ,18,d                                     ,5,11:56:19,798,8.72,0.0781,197,2.58,3.19,2.3,1,4.46,27.78,26.95,27.7,399.37,394.88,2.725,3.907,7.05,10.11,499.7,400,0,96.92,0.428,0.0224,0.7,111115,,,
Final,19-Sep,OP4     ,18,d                                     ,6,11:58:49,947.5,6.68,0.102,272,3.34,3.18,2.3,1,4.46,27.84,27.11,27.77,400.13,396.44,2.783,4.315,7.17,11.12,499.7,400,0,96.91,0.428,0.0224,0.7,111115,,,
Final,19-Sep,PI12    ,18,d                                     ,7,12:01:38,1117,9.93,0.0414,-1.97,1.44,3.32,2.3,1,4.46,27.87,27.36,27.79,400.16,395.33,2.823,3.481,7.26,8.96,499.7,401,0,96.91,0.428,0.0224,1,111115,,,
Final,19-Sep,PI19    ,6,b                                     ,8,12:06:13,1392.5,1.76,0.00927,81.7,0.332,3.41,2.3,1,4.46,27.9,27.56,27.83,400.35,399.48,2.856,3.009,7.33,7.73,499.7,401,0,96.9,0.428,0.0224,0.7,111115,,,
Final,19-Sep,PI3     ,18,d                                     ,9,12:07:54,1493,4.78,0.0346,158,1.19,3.28,2.3,1,4.46,27.9,27.17,27.83,398.73,396.31,2.869,3.415,7.37,8.77,499.7,400,0,96.89,0.428,0.0224,1,111115,,,
Final,19-Sep,CE10    ,6,b                                     ,11,12:12:17,1756.5,9.28,0.0387,-3.4,1.32,3.28,2.3,1,4.46,27.88,27.18,27.81,398.67,394.15,2.883,3.491,7.41,8.97,499.6,401,0,96.9,0.428,0.0224,0.7,111115,,,
Final,19-Sep,OP3     ,16,d                                     ,12,12:15:30,1949,-1.83,0.00635,826,0.227,3.41,2.3,1,4.46,27.95,27.56,27.86,399.47,400.27,2.91,3.014,7.45,7.72,499.7,401,0,96.91,0.428,0.0224,1,111115,,,
Final,19-Sep,PI28    ,16,d                                     ,13,12:17:46,2086,8.22,0.0329,-15.9,1.15,3.33,2.3,1,4.46,28.01,27.41,27.92,400.99,397,2.941,3.466,7.5,8.85,499.7,399,0,96.91,0.428,0.0224,0.7,111115,,,
Initial,19-Sep,RE5     ,10,b                                     ,27,12:49:04,3963.5,4.8,0.0924,296,2.98,3.13,2.3,1,4.46,28.09,26.89,28.04,401.34,398.58,3.03,4.398,7.7,11.17,499.7,401,0,96.92,0.428,0.0224,0.7,111115,,,
Initial,19-Sep,FR1     ,10,b                                     ,28,12:51:06,4086,4.99,0.029,106,1.02,3.35,2.3,1,4.46,28.08,27.52,28.02,400.01,397.53,3.023,3.489,7.68,8.87,499.7,400,0,96.92,0.428,0.0224,0.7,111115,,,
Initial,19-Sep,OP7     ,10,b                                     ,29,12:54:41,4300,15.9,0.0781,49.3,2.6,3.22,2.3,1,4.46,28.07,27.21,28.01,399.43,391.64,3.01,4.202,7.66,10.69,499.7,399,0,96.93,-3.38,0.241,0.7,111115,,,
Initial,19-Sep,FR6     ,10,b                                     ,30,12:56:32,4411.5,17.5,0.0695,-27.8,2.32,3.22,2.3,1,4.46,28.03,27.15,27.97,399.62,391.14,2.997,4.059,7.64,10.35,499.7,399,0,96.93,-3.38,0.241,0.7,111115,,,
Initial,19-Sep,CE7b    ,9,b                                     ,31,12:58:30,4530,18.6,0.0547,-166,1.86,3.26,2.3,1,4.46,28.03,27.26,27.97,400.3,391.39,2.988,3.838,7.62,9.79,499.7,399,0,96.94,-3.38,0.241,0.7,111115,,,
Initial,19-Sep,PI3     ,9,b                                     ,32,13:01:04,4683,17.9,0.0579,-115,1.99,3.3,2.3,1,4.46,28.06,27.46,27.99,400.48,391.9,2.986,3.898,7.6,9.92,499.7,399,0,96.93,-3.38,0.241,0.7,111115,,,
Initial,19-Sep,CE4     ,9,b                                     ,33,13:03:11,4811,22.7,0.0712,-135,2.38,3.23,2.3,1,4.46,28.09,27.22,28.02,398.83,387.97,2.986,4.079,7.59,10.36,499.6,401,0,96.92,-3.38,0.241,0.7,111115,,,
Initial,19-Sep,CE5     ,9,b                                     ,34,13:04:54,4913,19.9,0.0618,-140,2.11,3.29,2.3,1,4.46,28.13,27.43,28.05,398.8,389.24,2.992,3.961,7.59,10.04,499.6,399,0,96.92,-3.38,0.241,0.7,111115,,,
Initial,19-Sep,FR8     ,9,b                                     ,35,13:06:59,5039,15.8,0.119,160,3.81,3.12,2.3,1,4.46,28.14,26.99,28.07,398.71,390.77,2.996,4.743,7.59,12.01,499.6,399,0,96.92,-3.38,0.241,0.7,111115,,,
Initial,19-Sep,CE9     ,9,b                                     ,36,13:09:54,5213.5,21.3,0.0639,-156,2.19,3.29,2.3,1,4.46,28.2,27.47,28.13,400.38,390.19,3.005,4.007,7.59,10.12,499.7,400,0,96.92,-3.38,0.241,0.7,111115,,,
Initial,19-Sep,PI4     ,9,b                                     ,37,13:11:59,5338,17.6,0.0871,51.5,2.91,3.23,2.3,1,4.46,28.22,27.33,28.15,400.41,391.79,3.019,4.352,7.61,10.97,499.7,399,0,96.91,-3.38,0.241,1,111115,,,
Initial,19-Sep,PI5     ,9,b                                     ,38,13:14:14,5473,18,0.0569,-128,1.97,3.33,2.3,1,4.46,28.22,27.62,28.15,400.23,391.58,3.021,3.925,7.62,9.89,499.6,399,0,96.92,-3.38,0.241,0.7,111115,,,
Final,25-Sep,PI1     ,7,b                                     ,1,12:53:35,211.5,12.8,0.109,207,3.37,3.05,2.3,1,4.46,26.46,25.38,26.37,420.38,413.87,0.519,2.067,1.46,5.83,499.7,399,0,97.78,-5.23,0.107,0.7,111115,,,
Final,25-Sep,PI12    ,6,b                                     ,2,12:57:01,417,11.1,0.0371,-78.6,1.26,3.29,2.3,1,4.46,26.73,26.13,26.63,419.09,413.72,0.549,1.129,1.52,3.13,499.6,400,0,97.78,-5.23,0.107,1,111115,,,
Final,25-Sep,OP1     ,7,b                                     ,3,12:59:44,580,11.8,0.0474,0.212,1.6,3.28,2.3,1,4.46,26.9,26.16,26.81,420.43,414.67,0.561,1.297,1.54,3.56,499.7,401,0,97.77,-5.23,0.107,1,111115,,,
Final,25-Sep,CE6     ,7,b                                     ,4,13:02:18,734,17.2,0.193,248,5.74,2.97,2.3,1,4.46,27,25.55,26.94,421.15,412.15,0.565,3.199,1.54,8.74,499.6,399,0,97.76,-5.23,0.107,0.7,111115,,,
Final,25-Sep,PI9     ,7,b                                     ,5,13:04:39,875.5,15.1,0.0515,-70.1,1.74,3.29,2.3,1,4.46,27.11,26.24,27.03,419.54,412.27,0.573,1.375,1.55,3.73,499.7,399,0,97.76,-5.23,0.107,1,111115,,,
Final,25-Sep,PI25    ,7,b                                     ,6,13:06:22,979,7.98,0.0185,-279,0.661,3.43,2.3,1,4.46,27.21,26.71,27.12,419.51,415.71,0.574,0.878,1.55,2.37,499.7,401,1,97.76,-5.23,0.107,0.7,111115,,,
Final,25-Sep,PL2     ,6,b                                     ,7,13:08:01,1078,10.4,0.127,264,4.02,3.12,2.3,1,4.46,27.29,25.89,27.21,421.06,415.52,0.571,2.415,1.53,6.48,499.7,401,0,97.76,-5.23,0.107,0.7,111115,,,
Final,25-Sep,OP6     ,6,b                                     ,8,13:09:58,1195,20.8,0.0631,-132,2.12,3.27,2.3,1,4.46,27.37,26.21,27.3,419.36,409.38,0.569,1.542,1.52,4.12,499.7,401,0,97.76,-5.23,0.107,1,111115,,,
Final,25-Sep,RE3     ,7,b                                     ,9,13:11:57,1313.5,14.5,0.122,203,3.86,3.11,2.3,1,4.46,27.43,25.82,27.37,420.92,413.49,0.565,2.339,1.5,6.23,499.7,401,0,97.76,-5.23,0.107,0.7,111115,,,
Final,25-Sep,OP2     ,7,b                                     ,10,13:13:59,1435.5,17,0.135,190,4.31,3.15,2.3,1,4.46,27.48,26.12,27.42,420.8,412.16,0.559,2.536,1.49,6.74,499.7,399,0,97.76,-5.23,0.107,0.7,111115,,,
Final,25-Sep,PI21    ,7,b                                     ,11,13:16:12,1569,21,0.0669,-108,2.32,3.38,2.3,1,4.46,27.55,26.8,27.49,419.04,408.94,0.544,1.612,1.44,4.26,499.7,400,0,97.75,-5.23,0.107,0.7,111115,,,
Final,25-Sep,PI2     ,6,b                                     ,12,13:18:46,1723,17.3,0.0401,-289,1.44,3.47,2.3,1,4.46,27.66,27.01,27.59,419.9,411.65,0.536,1.197,1.41,3.14,499.7,400,0,97.75,-5.23,0.107,1,111115,,,
Initial,25-Sep,FR10    ,13,c                                     ,25,13:55:23,3919,30.6,0.0905,-151,2.69,2.91,2.3,1,4.46,25.41,24.03,25.4,420.17,405.59,-0.365,0.871,-1.09,2.61,499.7,401,0,97.72,-3.24,0.122,0.7,111115,,,
Initial,25-Sep,OP9     ,13,c                                     ,27,13:58:22,4098,22,0.0613,-177,1.88,3,2.3,1,4.46,25.27,24.25,25.25,420.2,409.72,-0.427,0.439,-1.29,1.33,499.7,378,0,97.72,-3.24,0.122,0.3,111115,,,
Initial,25-Sep,OP6     ,13,c                                     ,28,14:00:16,4211.5,28.6,0.0676,-282,2.03,2.93,2.3,1,4.46,25.19,23.91,25.17,420.18,406.64,-0.467,0.467,-1.42,1.42,499.7,399,0,97.72,-3.24,0.122,0.7,111115,,,
Initial,25-Sep,PI21    ,13,c                                     ,29,14:02:09,4324.5,28.4,0.0935,-95,2.74,2.88,2.3,1,4.46,25.1,23.75,25.08,420.26,406.69,-0.504,0.755,-1.54,2.31,499.7,400,0,97.72,-3.24,0.122,1,111115,,,
Initial,25-Sep,OP2     ,14,c                                     ,30,14:03:40,4416,16.4,0.0335,-377,1.04,3.02,2.3,1,4.46,25.06,24.08,25.03,420.22,412.47,-0.533,-0.053,-1.63,-0.16,499.7,399,0,97.72,-3.24,0.122,0.7,111115,,,
Initial,25-Sep,PI28    ,14,c                                     ,31,14:05:32,4528,29.4,0.0777,-214,2.31,2.91,2.3,1,4.46,25,23.8,24.97,420.25,406.27,-0.567,0.495,-1.74,1.52,499.7,399,1,97.71,-3.24,0.122,0.7,111115,,,
Initial,25-Sep,FR11    ,14,c                                     ,32,14:07:16,4632,22.4,0.0673,-135,2.01,2.92,2.3,1,4.46,24.95,23.74,24.92,420.28,409.61,-0.597,0.327,-1.84,1.01,499.7,400,0,97.71,-3.24,0.122,0.7,111115,,,
Initial,25-Sep,PI19    ,15,c                                     ,33,14:08:58,4734,11.8,0.023,-410,0.73,3.07,2.3,1,4.46,24.93,24.28,24.89,420.3,414.74,-0.623,-0.287,-1.92,-0.89,499.7,399,0,97.71,-3.24,0.122,1,111115,,,
Initial,25-Sep,OP7     ,14,c                                     ,34,14:10:45,4840.5,11.6,0.024,-366,0.757,3.06,2.3,1,4.46,24.89,24.18,24.84,420.23,414.74,-0.65,-0.301,-2.01,-0.93,499.7,400,0,97.71,-3.24,0.122,0.7,111115,,,
Initial,25-Sep,OP3     ,15,c                 ,36,14:14:01,5037,13.5,0.0197,-685,0.627,3.08,2.3,1,4.46,24.95,24.28,24.88,420.26,413.91,-0.681,-0.392,-2.1,-1.21,499.7,399,0,97.7,-3.24,0.122,0.7,111115,,,
Initial,25-Sep,PI10    ,1,a                 ,37,14:15:55,5150.5,25.9,0.0475,-471,1.48,3.02,2.3,1,4.46,24.96,24.15,24.89,420.28,408.07,-0.697,-0.017,-2.15,-0.05,499.7,401,0,97.7,-3.24,0.122,1,111115,,,
Initial,25-Sep,CE2     ,1,a                 ,38,14:18:30,5305.5,29.3,0.0846,-163,2.52,2.92,2.3,1,4.46,24.94,23.84,24.87,420.13,406.16,-0.724,0.438,-2.23,1.35,499.7,400,0,97.69,-3.24,0.122,1,111115,,,
Final,28-Sep,FR10    ,13,c                                     ,1,14:08:05,190,24,0.168,158,4.8,2.84,2.3,1,4.46,25.41,24.59,25.23,419.15,407.19,0.537,2.74,1.61,8.19,499.7,399,0,97.37,-5.96,0.0747,1,111115,,,
Final,28-Sep,OP9     ,13,c                                     ,2,14:10:23,328,13.4,0.0499,-28.3,1.6,3.11,2.3,1,4.46,25.7,25.33,25.52,420.61,414.15,0.64,1.377,1.88,4.05,499.8,399,0,97.38,-5.96,0.0747,1,111115,,,
Final,28-Sep,PI21    ,13,c                                     ,3,14:12:18,443,14.6,0.0344,-273,1.13,3.16,2.3,1,4.46,25.87,25.49,25.7,419.38,412.46,0.709,1.226,2.06,3.57,499.7,399,0,97.36,-5.96,0.0747,0.7,111115,,,
Final,28-Sep,OP6     ,13,c                                     ,4,14:14:49,594.5,25.6,0.0651,-233,2.07,3.09,2.3,1,4.46,26.06,25.42,25.91,421.32,409.14,0.785,1.738,2.26,4.99,499.7,401,0,97.35,-5.96,0.0747,0.7,111115,,,
Final,28-Sep,PI19    ,15,c                                     ,5,14:18:02,787,13.8,0.0439,-103,1.45,3.19,2.3,1,4.46,26.22,25.84,26.1,418.62,412,0.853,1.52,2.43,4.33,499.7,401,0,97.35,-5.96,0.0747,1,111115,,,
Final,28-Sep,OP2     ,14,c                                     ,6,14:22:16,1041,24,0.0586,-259,1.91,3.16,2.3,1,4.46,26.42,25.79,26.3,420.34,408.92,0.941,1.818,2.65,5.12,499.7,401,0,97.35,-5.96,0.0747,1,111115,,,
Final,28-Sep,PI28    ,14,c                                     ,7,14:23:48,1133.5,6.8,0.0231,-65.2,0.789,3.28,2.3,1,4.46,26.52,26.18,26.4,420.32,417.04,0.977,1.34,2.73,3.75,499.7,401,0,97.34,-5.96,0.0747,1,111115,,,
Final,28-Sep,FR11    ,14,c                                     ,8,14:25:12,1217.5,16.2,0.106,149,3.26,2.99,2.3,1,4.46,26.61,25.31,26.5,419.37,411.29,1.01,2.505,2.81,6.97,499.7,401,0,97.35,-5.96,0.0747,0.7,111115,,,
Final,28-Sep,OP3     ,15,c                                     ,9,14:26:37,1302,19.2,0.0526,-186,1.75,3.22,2.3,1,4.46,26.71,26.14,26.59,420.25,411.06,1.045,1.851,2.89,5.12,499.7,400,1,97.34,-5.96,0.0747,0.7,111115,,,
Final,28-Sep,OP7     ,14,c                                     ,10,14:28:53,1438.5,21.8,0.0747,-73.5,2.45,3.18,2.3,1,4.46,26.85,26.13,26.73,420.25,409.74,1.1,2.224,3.02,6.1,499.6,400,0,97.33,-5.96,0.0747,0.7,111115,,,
Final,28-Sep,CE2     ,1,a                                     ,11,14:30:30,1535,33.6,0.156,37.5,4.74,3.01,2.3,1,4.46,26.93,25.77,26.81,420.25,403.89,1.138,3.314,3.11,9.05,499.7,399,0,97.34,-5.96,0.0747,0.7,111115,,,
Final,28-Sep,PI10    ,1,a                                     ,12,14:31:44,1609.5,25.4,0.0682,-203,2.25,3.21,2.3,1,4.46,26.98,26.23,26.87,419.05,406.92,1.169,2.204,3.18,6,499.7,400,0,97.33,-5.96,0.0747,0.7,111115,,,
Initial,28-Sep,CE7a    ,11,c                                     ,25,14:51:53,2818,37.3,0.155,-5.47,4.78,3.05,2.3,1,4.46,27.37,26.13,27.28,420.11,402.06,1.382,3.573,3.68,9.51,499.7,400,0,97.31,-5.96,0.0747,0.7,111115,,,
Initial,28-Sep,PI13    ,11,c                                     ,26,14:53:38,2923.5,30.4,0.0931,-133,3.06,3.2,2.3,1,4.46,27.42,26.48,27.33,419.97,405.43,1.404,2.808,3.73,7.45,499.7,400,0,97.31,-5.96,0.0747,0.7,111115,,,
Initial,28-Sep,PI25    ,11,c                                     ,27,14:54:58,3003,34.4,0.123,-64,3.87,3.1,2.3,1,4.46,27.45,26.17,27.36,419.99,403.45,1.421,3.198,3.76,8.47,499.7,401,0,97.3,-5.96,0.0747,0.7,111115,,,
Initial,28-Sep,PI15    ,11,c                                     ,28,14:57:31,3156,31.9,0.095,-149,3.15,3.23,2.3,1,4.46,27.53,26.68,27.43,419.95,404.7,1.452,2.897,3.83,7.64,499.8,399,0,97.3,-5.96,0.0747,1,111115,,,
Initial,28-Sep,PI3     ,11,c                                     ,29,14:59:23,3268.5,34,0.109,-113,3.58,3.21,2.3,1,4.46,27.56,26.67,27.47,419.8,403.48,1.473,3.116,3.88,8.2,499.7,400,0,97.3,-5.96,0.0747,0.7,111115,,,
Initial,28-Sep,CE10    ,11,c                                     ,30,15:00:55,3360.5,37.7,0.132,-73.9,4.14,3.08,2.3,1,4.46,27.57,26.17,27.49,419.84,401.73,1.488,3.389,3.91,8.91,499.7,400,0,97.3,-5.96,0.0747,0.7,111115,,,
Initial,28-Sep,PI4     ,11,c                                     ,31,15:02:43,3468,23.8,0.0931,-19.2,3.06,3.2,2.3,1,4.46,27.56,26.54,27.49,419.83,408.28,1.493,2.897,3.93,7.62,499.7,400,0,97.29,-5.96,0.0747,0.7,111115,,,
Initial,28-Sep,OP4     ,11,c                                     ,32,15:04:19,3564.5,26.3,0.0937,-61.7,3.09,3.21,2.3,1,4.46,27.55,26.59,27.48,418.23,405.53,1.496,2.913,3.94,7.67,499.6,401,0,97.32,-5.96,0.0747,0.7,111115,,,
Initial,28-Sep,CE6     ,11,c                                     ,33,15:05:32,3637.5,25.1,0.162,138,5.06,3.09,2.3,1,4.46,27.54,26.46,27.48,421.38,408.87,1.497,3.817,3.94,10.06,499.7,399,0,97.29,-5.96,0.0747,0.7,111115,,,
Initial,28-Sep,CE8     ,11,c                                     ,34,15:07:05,3730,30.6,0.126,-4.74,3.95,3.08,2.3,1,4.46,27.53,26.15,27.47,418.9,404.1,1.497,3.308,3.94,8.72,499.7,399,1,97.29,-5.96,0.0747,0.7,111115,,,
Final,1-Oct,PI13    ,11,c                                     ,1,13:31:20,167,7.89,0.0239,-122,0.681,2.78,2.3,1,4.46,23.37,23.17,23.2,419.38,415.62,0.434,0.747,1.48,2.55,499.7,399,0,98.36,-6.88,0.141,0.7,111115,PI13    ,11,c                                     
Final,1-Oct,CE7a    ,11,c                                     ,2,13:32:46,253.5,11.3,0.0606,100,1.67,2.71,2.3,1,4.46,23.54,23.1,23.38,417.64,412.14,0.495,1.265,1.67,4.27,499.7,401,0,98.38,-6.88,0.141,0.7,111115,CE7a    ,11,c                                     
Final,1-Oct,PI25    ,11,c                                     ,3,13:34:05,331,8.17,0.0578,174,1.59,2.7,2.3,1,4.46,23.68,23.05,23.53,420.06,415.99,0.552,1.283,1.85,4.29,499.7,399,0,98.36,-6.88,0.141,0.7,111115,PI25    ,11,c                                     
Final,1-Oct,PI15    ,11,c                                     ,4,13:35:13,399.5,10.1,0.0323,-93.5,0.918,2.77,2.3,1,4.46,23.8,23.31,23.65,420,415.19,0.597,1.019,1.98,3.39,499.7,400,0,98.36,-6.88,0.141,0.7,111115,PI15    ,11,c                                     
Final,1-Oct,PI3     ,11,c                                     ,5,13:37:10,517,13.4,0.0612,48.9,1.72,2.76,2.3,1,4.46,23.98,23.51,23.84,420.04,413.55,0.668,1.461,2.2,4.8,499.7,400,0,98.36,-6.88,0.141,0.7,111115,PI3     ,11,c                                     
Final,1-Oct,CE10    ,11,c                                     ,6,13:38:23,590,15.5,0.168,246,4.26,2.54,2.3,1,4.46,24.07,22.92,23.94,420.02,412.08,0.71,2.668,2.32,8.73,499.7,401,0,98.35,-6.88,0.141,0.7,111115,CE10    ,11,c                                     
Final,1-Oct,PI4     ,11,c                                     ,7,13:40:00,687,21.2,0.105,70.3,2.84,2.67,2.3,1,4.46,24.15,23.32,24.03,419.98,409.66,0.757,2.063,2.46,6.71,499.7,399,0,98.36,-6.88,0.141,0.7,111115,PI4     ,11,c                                     
Final,1-Oct,OP4     ,11,c                                     ,8,13:41:12,759,12.2,0.0557,49.3,1.59,2.8,2.3,1,4.46,24.23,23.74,24.11,419.95,414.04,0.79,1.521,2.56,4.93,499.7,400,0,98.36,-6.88,0.141,0.7,111115,OP4     ,11,c                                     
Final,1-Oct,CE8     ,11,c                                     ,9,13:42:29,835.5,9.72,0.074,187,2.06,2.74,2.3,1,4.46,24.3,23.52,24.2,418.66,413.79,0.829,1.773,2.67,5.72,499.8,399,0,98.4,-6.88,0.141,0.7,111115,CE8     ,11,c                                     
Final,1-Oct,CE6     ,11,c                                     ,10,13:43:45,911.5,17.4,0.0881,78.4,2.39,2.68,2.3,1,4.46,24.39,23.29,24.28,418.55,410.1,0.861,1.957,2.76,6.28,499.7,399,0,98.4,-6.88,0.141,0.7,111115,CE6     ,11,c                                     
Initial,1-Oct,CE7b    ,2,a                                     ,22,14:02:22,2028.5,27.9,0.115,2.94,3.24,2.79,2.3,1,4.46,25.48,24.35,25.4,421.15,407.71,1.263,2.751,3.8,8.27,499.7,272,0,98.35,-6.88,0.141,0.7,111115,CE7b    ,2,a                                     
Initial,1-Oct,FR12    ,2,a                                     ,23,14:05:38,2225,41.9,0.271,129,6.69,2.53,2.3,1,4.46,25.47,23.83,25.4,420.86,400.35,1.319,4.387,3.97,13.19,499.7,401,0,98.35,-6.88,0.141,0.7,111115,FR12    ,2,a                                     
Initial,1-Oct,FR2     ,2,a                                     ,24,14:06:54,2301.5,23.5,0.0998,14.8,2.79,2.76,2.3,1,4.46,25.47,24.15,25.4,419.09,407.77,1.341,2.621,4.03,7.88,499.7,401,0,98.38,-6.88,0.141,0.7,111115,FR2     ,2,a                                     
Initial,1-Oct,OP3     ,2,a                                     ,25,14:08:13,2380,32.3,0.394,249,8.79,2.35,2.3,1,4.46,25.47,23.34,25.41,420,403.48,1.364,5.386,4.1,16.21,499.7,399,0,98.4,-6.88,0.141,0.3,111115,OP3     ,2,a                                     
Initial,1-Oct,CE1     ,1,a                                     ,26,14:09:19,2446,29.6,0.204,152,5.35,2.66,2.3,1,4.46,25.46,24.21,25.4,420.72,406.1,1.376,3.831,4.14,11.53,499.7,400,0,98.34,-6.88,0.141,0.7,111115,CE1     ,1,a                                     
Initial,1-Oct,PI9     ,1,a                                     ,27,14:10:29,2516.5,26.9,0.0956,-60.2,2.74,2.83,2.3,1,4.46,25.47,24.51,25.41,419.18,406.28,1.392,2.649,4.19,7.97,499.7,400,0,98.34,-6.88,0.141,0.7,111115,PI9     ,1,a                                     
Initial,1-Oct,PI28    ,1,a                                     ,28,14:11:58,2605.5,39.5,0.156,-25.6,4.24,2.72,2.3,1,4.46,25.47,24.33,25.41,419.15,400.2,1.408,3.354,4.23,10.09,499.7,400,0,98.34,-6.88,0.141,0.7,111115,PI28    ,1,a                                     
Initial,1-Oct,PI1     ,1,a                                     ,29,14:13:28,2695.5,30.2,0.125,-3.82,3.48,2.78,2.3,1,4.46,25.48,24.45,25.42,417.57,403.01,1.426,3.024,4.29,9.09,499.8,399,0,98.39,-6.88,0.141,0.7,111115,PI1     ,1,a                                     
Initial,1-Oct,PI4     ,1,a                                     ,30,14:14:56,2782.5,36.2,0.104,-171,2.95,2.81,2.3,1,4.46,25.49,24.51,25.42,421.45,404.25,1.437,2.79,4.32,8.38,499.7,401,0,98.34,-6.88,0.141,0.7,111115,PI4     ,1,a                                     
Initial,1-Oct,OP4     ,1,a                                     ,31,14:16:26,2873,33.1,0.106,-111,3,2.8,2.3,1,4.46,25.48,24.46,25.42,419.86,404.08,1.448,2.827,4.35,8.5,499.7,399,0,98.34,-6.88,0.141,0.7,111115,OP4     ,1,a                                     
Initial,1-Oct,OP5     ,1,a                                     ,32,14:17:53,2960,23.9,0.0442,-463,1.32,2.91,2.3,1,4.46,25.4,24.63,25.35,420.33,409.08,1.438,2.042,4.34,6.17,499.7,399,0,98.34,-6.88,0.141,0.7,111115,OP5     ,1,a                                     
Initial,1-Oct,OP1     ,1,a                                     ,33,14:19:02,3029,34,0.0978,-168,2.8,2.82,2.3,1,4.46,25.39,24.53,25.36,419.89,403.73,1.437,2.72,4.34,8.22,499.7,401,0,98.34,-6.88,0.141,0.7,111115,OP1     ,1,a                                     
Final,4-Oct,OP3     ,2,a                                     ,1,11:57:21,26,19.5,0.132,154,4.16,3.14,2.3,1,4.46,26.95,25.91,26.82,419.88,410.13,0.301,2.213,0.83,6.11,499.7,400,50,98.48,-8.45,0.0825,1,111115,,,
Final,4-Oct,FR2     ,2,a                                     ,2,11:59:26,150.5,16.1,0.0349,-331,1.23,3.43,2.3,1,4.46,27.28,26.77,27.17,419.93,412.3,0.443,1.009,1.2,2.73,499.7,401,50,98.48,-8.45,0.0825,0.7,111115,,,
Final,4-Oct,FR12    ,2,a                                     ,3,12:02:21,325.5,37.4,0.168,22.5,5.22,3.12,2.3,1,4.46,27.62,26.22,27.56,419.89,401.71,0.654,3.048,1.74,8.09,499.7,399,50,98.48,-8.45,0.0825,1,111115,,,
Final,4-Oct,CE7b    ,2,a                                     ,4,12:04:05,429.5,31.3,0.141,29.2,4.53,3.2,2.3,1,4.46,27.83,26.51,27.78,419.78,404.54,0.776,2.853,2.03,7.48,499.6,400,44,98.48,-8.45,0.0825,1,111115,,,
Final,4-Oct,CE1     ,1,a                                     ,5,12:05:31,515.5,17.3,0.0809,52.3,2.71,3.3,2.3,1,4.46,27.97,26.64,27.94,419.75,411.29,0.859,2.105,2.23,5.47,499.7,399,50,98.49,-8.45,0.0825,0.7,111115,,,
Final,4-Oct,PI1     ,1,a                                     ,6,12:07:04,609,28.9,0.114,-21.1,3.82,3.33,2.3,1,4.46,28.16,27.09,28.13,419.77,405.74,0.948,2.703,2.44,6.95,499.7,401,50,98.49,-8.45,0.0825,0.3,111115,,,
Final,4-Oct,PI1-real,1,a                                     ,7,12:09:00,725,23.8,0.109,38,3.69,3.36,2.3,1,4.46,28.33,27.23,28.31,419.7,408.05,1.047,2.74,2.66,6.98,499.7,400,52,98.49,-8.45,0.0825,0.7,111115,,,
Final,4-Oct,PI28    ,1,a                                     ,8,12:11:34,879,34.9,0.104,-154,3.52,3.36,2.3,1,4.46,28.53,27.25,28.52,419.57,402.83,1.147,2.765,2.89,6.96,499.7,401,51,98.49,-8.45,0.0825,1,111115,,,
Final,4-Oct,OP4     ,1,a                                     ,9,12:12:53,957.5,17.4,0.0223,-831,0.831,3.62,2.3,1,4.46,28.65,27.91,28.64,419.64,411.47,1.191,1.573,2.98,3.93,499.7,400,52,98.49,-8.45,0.0825,0.7,111115,,,
Final,4-Oct,PI4     ,1,a                                     ,10,12:14:32,1057,25.3,0.0437,-522,1.61,3.6,2.3,1,4.46,28.77,27.99,28.77,419.53,407.6,1.239,1.979,3.07,4.91,499.7,400,59,98.49,-8.45,0.0825,0.7,111115,,,
Final,4-Oct,OP1     ,1,a                                     ,11,12:16:05,1150,22.8,0.0634,-180,2.28,3.52,2.3,1,4.46,28.88,27.79,28.89,419.45,408.54,1.283,2.329,3.16,5.74,499.7,400,39,98.49,-8.45,0.0825,0.7,111115,,,
Final,4-Oct,OP5     ,1,a                                     ,12,12:18:28,1292.5,14.4,0.0179,-867,0.685,3.71,2.3,1,4.46,29.03,28.34,29.04,419.4,412.63,1.352,1.667,3.31,4.08,499.7,400,68,98.49,-8.45,0.0825,0.7,111115,,,
Initial,4-Oct,CE8     ,7,b                                     ,37,14:59:43,10968,28.1,0.0797,-172,2.71,3.33,2.3,1,4.46,28.52,27.84,28.44,420.46,407.01,3.134,4.375,7.89,11.01,499.5,401,78,98.46,-4.35,0.214,0.7,111115,,,
Initial,4-Oct,PI30    ,7,b                                     ,38,15:01:38,11083,22.4,0.0454,-389,1.59,3.41,2.3,1,4.46,28.56,27.92,28.51,420.11,409.48,2.965,3.695,7.45,9.28,499.7,400,80,98.46,-4.35,0.214,1,111115,,,
Initial,4-Oct,PI28    ,8,b                                     ,39,15:04:10,11235,22.6,0.0593,-212,2.05,3.38,2.3,1,4.46,28.59,27.78,28.56,419.88,409.11,2.744,3.686,6.88,9.24,499.6,400,80,98.47,-4.35,0.214,1,111115,,,
Initial,4-Oct,OP4     ,8,b                                     ,40,15:05:55,11339.5,19.2,0.0436,-301,1.56,3.47,2.3,1,4.46,28.8,28.01,28.75,419.81,410.7,2.619,3.333,6.49,8.25,499.6,400,79,98.46,-4.35,0.214,1,111115,,,
Initial,4-Oct,CE2     ,8,b                                     ,41,15:08:25,11490,33.3,0.113,-86.9,3.81,3.34,2.3,1,4.46,28.87,27.8,28.87,419.82,403.79,2.43,4.179,5.99,10.31,499.7,401,80,98.46,-4.35,0.214,1,111115,,,
Initial,4-Oct,PI13    ,8,b                                     ,42,15:11:02,11646.5,31.5,0.126,-17,4.25,3.35,2.3,1,4.46,29,27.87,28.99,419.7,404.42,2.247,4.195,5.5,10.27,499.6,399,78,98.46,-4.35,0.214,0.7,111115,,,
Initial,4-Oct,OP8     ,8,b                                     ,43,15:13:54,11818.5,23.4,0.088,-34.2,3.07,3.43,2.3,1,4.46,29,27.87,29.01,419.85,408.51,2.054,3.46,5.03,8.47,499.6,400,50,98.46,-4.35,0.214,1,111115,,,
Initial,4-Oct,PI5     ,8,b                                     ,44,15:15:52,11937,28.9,0.0957,-94.8,3.33,3.43,2.3,1,4.46,28.94,27.89,28.97,419.97,406.05,1.928,3.457,4.74,8.49,499.7,401,75,98.46,-4.35,0.214,1,111115,,,
Initial,4-Oct,FR11    ,10,b                                     ,45,15:17:18,12023,34,0.0928,-198,3.26,3.46,2.3,1,4.46,28.95,27.97,28.99,419.95,403.7,1.85,3.347,4.54,8.22,499.6,400,75,98.46,-4.35,0.214,0.7,111115,,,
Initial,4-Oct,CE3     ,10,b                                     ,46,15:18:59,12123.5,27.5,0.0939,-78.5,3.26,3.42,2.3,1,4.46,28.99,27.74,29.01,420,406.76,1.772,3.267,4.34,8,499.7,401,75,98.46,-4.35,0.214,1,111115,,,
Initial,4-Oct,PI10    ,10,b                                     ,47,15:20:32,12217,26.9,0.0735,-192,2.63,3.51,2.3,1,4.46,29.02,28.02,29.05,419.98,407.11,1.709,2.918,4.18,7.13,499.7,399,72,98.46,-4.35,0.214,1,111115,,,
Initial,4-Oct,OP3     ,10,b                                     ,48,15:23:27,12392.5,23.4,0.0811,-69.3,2.86,3.46,2.3,1,4.46,29.03,27.77,29.07,420.14,408.84,1.591,2.902,3.89,7.09,499.7,400,73,98.46,-4.35,0.214,1,111115,,,
Final,7-Oct,PI30    ,7,b                                     ,1,11:20:41,1196,5.86,0.049,210,1.38,2.76,2.3,1,4.46,23.88,23.4,23.79,420.63,417.67,0.695,1.33,2.3,4.39,499.8,401,1,98.21,-7.01,0.116,1,111115,,,
Final,7-Oct,CE8     ,7,b                                     ,2,11:22:15,1290.5,19.7,0.167,202,4.23,2.54,2.3,1,4.46,23.94,22.87,23.85,418.95,409.11,0.733,2.673,2.41,8.8,499.7,399,1,98.21,-7.01,0.116,0.7,111115,,,
Final,7-Oct,OP4     ,8,b                                     ,3,11:24:12,1407.5,7.12,0.133,312,3.49,2.61,2.3,1,4.46,23.94,23.12,23.87,419.64,415.7,0.775,2.376,2.55,7.82,499.7,400,1,98.21,-7.01,0.116,1,111115,,,
Final,7-Oct,PI28    ,8,b                                     ,4,11:25:53,1508.5,15.5,0.0768,73.8,2.11,2.7,2.3,1,4.46,23.96,23.31,23.89,419.45,411.92,0.81,1.778,2.66,5.85,499.7,400,1,98.21,-7.01,0.116,0.7,111115,,,
Final,7-Oct,CE2     ,8,b                                     ,5,11:27:18,1594,23.3,0.254,241,5.95,2.39,2.3,1,4.46,23.99,22.55,23.93,419.32,407.47,0.837,3.567,2.75,11.7,499.7,401,1,98.21,-7.01,0.116,0.7,111115,,,
Final,7-Oct,PI13    ,8,b                                     ,6,11:28:53,1689,7.33,0.0488,160,1.36,2.72,2.3,1,4.46,24.06,23.28,23.98,419.34,415.7,0.866,1.491,2.83,4.87,499.7,400,0,98.21,-7.01,0.116,1,111115,,,
Final,7-Oct,OP8     ,8,b                                     ,7,11:30:46,1801.5,10.5,0.0721,167,1.97,2.69,2.3,1,4.46,24.13,23.25,24.05,420.1,414.9,0.9,1.807,2.93,5.88,499.7,399,1,98.21,-7.01,0.116,0.7,111115,,,
Final,7-Oct,PI5     ,8,b                                     ,8,11:33:02,1938,11.5,0.0481,17.9,1.36,2.76,2.3,1,4.46,24.12,23.54,24.06,420.11,414.55,0.94,1.564,3.06,5.09,499.7,401,0,98.2,-7.01,0.116,1,111115,,,
Final,7-Oct,FR11    ,10,b                                     ,9,11:35:17,2073,17.8,0.081,44.6,2.17,2.64,2.3,1,4.46,24.11,23.09,24.05,419.98,411.38,0.974,1.972,3.17,6.42,499.7,401,1,98.2,-7.01,0.116,0.7,111115,,,
Final,7-Oct,CE3     ,10,b                                     ,10,11:36:47,2162.5,12.8,0.0945,180,2.53,2.65,2.3,1,4.46,24.14,23.23,24.08,419.92,413.54,0.996,2.16,3.24,7.02,499.7,400,0,98.21,-7.01,0.116,0.7,111115,,,
Final,7-Oct,OP3     ,10,b                                     ,11,11:38:20,2255.5,14.7,0.0749,82.6,2.05,2.69,2.3,1,4.46,24.21,23.38,24.14,419.96,412.79,1.022,1.965,3.31,6.36,499.7,400,0,98.21,-7.01,0.116,1,111115,,,
Final,7-Oct,PI10    ,10,b                                     ,12,11:40:43,2399,10.3,0.0695,162,1.94,2.74,2.3,1,4.46,24.38,23.62,24.3,419.85,414.74,1.064,1.955,3.41,6.26,499.7,399,1,98.21,-7.01,0.116,0.7,111115,,,
Initial,7-Oct,PI14    ,8,b                                     ,24,12:06:08,3923.5,18.4,0.0582,-107,1.69,2.84,2.3,1,4.46,24.99,24.34,24.93,420.07,411.28,1.403,2.181,4.34,6.74,499.7,399,1,98.2,-7.01,0.116,1,111115,,,
Initial,7-Oct,PI27    ,8,b                                     ,25,12:08:51,4087,11.7,0.047,2.76,1.39,2.89,2.3,1,4.46,25.09,24.54,25.02,420.12,414.47,1.438,2.077,4.42,6.38,499.7,400,1,98.2,-7.01,0.116,1,111115,,,
Initial,7-Oct,OP5     ,10,b                                     ,26,12:11:34,4250.5,14.3,0.0375,-207,1.13,2.94,2.3,1,4.46,25.27,24.78,25.19,420.16,413.35,1.482,2.003,4.5,6.09,499.7,400,1,98.19,-7.01,0.116,1,111115,,,
Initial,7-Oct,FR2     ,10,b                                     ,27,12:13:22,4358.5,16.7,0.0677,3.01,2,2.9,2.3,1,4.46,25.36,24.77,25.28,420.1,412.05,1.512,2.431,4.57,7.35,499.7,400,1,98.19,-7.01,0.116,1,111115,,,
Initial,7-Oct,OP9     ,10,b                                     ,28,12:15:04,4460,25.3,0.108,13.1,3.07,2.81,2.3,1,4.46,25.43,24.58,25.36,418.44,406.2,1.542,2.951,4.64,8.88,499.7,400,1,98.19,-7.01,0.116,1,111115,,,
Initial,7-Oct,FR10    ,10,b                                     ,29,12:16:37,4553,8.76,0.0623,174,1.85,2.91,2.3,1,4.46,25.51,24.83,25.43,420.13,415.74,1.57,2.42,4.7,7.25,499.7,401,1,98.19,-7.01,0.116,1,111115,,,
Initial,7-Oct,FR2     ,16,d                                     ,30,12:18:24,4660.5,15.4,0.0619,0.249,1.86,2.94,2.3,1,4.46,25.58,25.01,25.51,420.12,412.69,1.6,2.455,4.77,7.32,499.7,400,1,98.19,-7.01,0.116,1,111115,,,
Initial,7-Oct,CE8     ,16,d                                     ,31,12:20:17,4773,22.1,0.0944,18,2.75,2.87,2.3,1,4.46,25.67,24.86,25.61,420.16,409.47,1.634,2.896,4.85,8.59,499.7,399,1,98.18,-7.01,0.116,0.7,111115,,,
Initial,7-Oct,CE6     ,16,d                                     ,32,12:23:59,4995,24.5,0.0918,-35.9,2.71,2.9,2.3,1,4.46,25.81,25.06,25.74,420.12,408.32,1.703,2.944,5.01,8.67,499.7,399,1,98.18,-7.01,0.116,0.7,111115,,,
Initial,7-Oct,PI25    ,16,d                                     ,33,12:25:57,5113.5,23.3,0.0717,-125,2.16,2.96,2.3,1,4.46,25.86,25.23,25.8,420.14,408.99,1.736,2.729,5.09,8.01,499.7,399,1,98.18,-7.01,0.116,0.7,111115,,,
Final,10-Oct,PI27    ,8,b                                     ,1,10:15:11,23.5,16.8,0.0631,-27.7,2,3.04,2.3,1,4.46,25.27,24.87,25.08,420.88,412.78,0.327,1.246,0.97,3.71,499.7,400,1,96.11,-8.78,0.194,1,111115,,,
Final,10-Oct,PI14    ,8,b                                     ,2,10:17:00,132.5,17.8,0.0641,-49,2.04,3.06,2.3,1,4.46,25.54,25.05,25.37,419.29,410.7,0.446,1.386,1.31,4.06,499.7,400,1,96.11,-8.78,0.194,0.7,111115,,,
Final,10-Oct,FR2     ,10,b                                     ,3,10:18:58,250.5,12.9,0.106,201,3.31,3.01,2.3,1,4.46,25.79,25.18,25.64,420.18,413.62,0.587,2.109,1.69,6.08,499.7,399,1,96.11,-8.78,0.194,0.7,111115,,,
Final,10-Oct,OP5     ,10,b                                     ,4,10:20:39,351.5,13.1,0.0429,-87.4,1.43,3.17,2.3,1,4.46,26,25.64,25.86,420.17,413.87,0.712,1.369,2.03,3.9,499.7,399,1,96.11,-8.78,0.194,1,111115,,,
Final,10-Oct,FR10    ,10,b                                     ,5,10:22:13,445,5.53,0.0672,266,2.2,3.14,2.3,1,4.46,26.18,25.72,26.05,420.17,417.2,0.826,1.838,2.33,5.18,499.7,400,0,96.11,-8.78,0.194,0.7,111115,,,
Final,10-Oct,OP9     ,10,b                                     ,6,10:23:31,523,15.4,0.0934,129,2.99,3.08,2.3,1,4.46,26.32,25.63,26.2,420.18,412.5,0.912,2.284,2.55,6.38,499.6,401,0,96.11,-8.78,0.194,0.7,111115,,,
Final,10-Oct,CE8     ,16,d                                     ,7,10:25:02,614,17.5,0.0864,69.7,2.79,3.1,2.3,1,4.46,26.47,25.74,26.36,420.24,411.66,1.008,2.288,2.79,6.34,499.6,400,0,96.11,-8.78,0.194,1,111115,,,
Final,10-Oct,FR2     ,16,d                                     ,8,10:27:23,755.5,3.74,0.0327,215,1.12,3.25,2.3,1,4.46,26.69,26.2,26.59,418.55,416.61,1.148,1.662,3.14,4.54,499.7,399,1,96.11,-8.78,0.194,0.7,111115,,,
Final,10-Oct,CE6     ,16,d                                     ,9,10:28:59,851,23.1,0.128,101,4.05,3.06,2.3,1,4.46,26.82,25.92,26.73,420.25,408.84,1.236,3.097,3.35,8.4,499.6,401,1,96.11,-8.78,0.194,0.7,111115,,,
Final,10-Oct,PI25    ,16,d                                     ,10,10:30:16,928,15.6,0.0596,-21.3,2.01,3.22,2.3,1,4.46,26.92,26.31,26.83,420.32,412.76,1.3,2.222,3.51,6,499.6,399,1,96.1,-8.78,0.194,0.7,111115,,,
Initial,10-Oct,CE2     ,16,d                                     ,21,10:49:34,2087,27.8,0.132,47.4,4.27,3.15,2.3,1,4.46,27.96,26.71,27.94,420.31,406.7,1.901,3.859,4.83,9.79,499.6,400,1,96.11,-8.78,0.194,1,111115,,,
Initial,10-Oct,PI30    ,16,d                                     ,22,10:51:58,2231,35.3,0.126,-63.9,4.13,3.17,2.3,1,4.46,28.02,26.78,28,420.34,403.33,1.929,3.821,4.88,9.67,499.6,400,0,96.11,-8.78,0.194,0.7,111115,,,
Initial,10-Oct,PI21    ,17,d                                     ,23,10:56:34,2507,27.6,0.125,33.2,4.09,3.17,2.3,1,4.46,28.1,26.84,28.09,420.4,406.94,2.006,3.881,5.05,9.77,499.7,400,0,96.11,-1.76,0.329,0.7,111115,,,
Initial,10-Oct,CE11    ,17,d                                     ,24,10:58:32,2624.5,20.3,0.159,185,5.01,3.07,2.3,1,4.46,28.12,26.53,28.12,420.33,410.05,2.04,4.336,5.13,10.91,499.7,400,1,96.12,-1.76,0.329,0.7,111115,,,
Initial,10-Oct,PI19    ,17,d                                     ,25,11:00:45,2757.5,16.7,0.116,161,3.86,3.21,2.3,1,4.46,28.15,27.01,28.15,420.38,411.98,2.058,3.827,5.17,9.61,499.7,398,1,96.12,-1.76,0.329,0.7,111115,,,
Initial,10-Oct,PI11    ,17,d                                     ,26,11:02:18,2851,13.1,0.135,237,4.27,3.07,2.3,1,4.46,28.16,26.41,28.16,420.38,413.53,2.069,4.026,5.19,10.11,499.6,417,1,96.12,-1.76,0.329,0.7,111115,,,
Initial,10-Oct,CE7b    ,18,d                                     ,27,11:04:16,2968.5,22,0.179,190,5.58,3.06,2.3,1,4.46,28.19,26.64,28.19,420.47,409.27,2.094,4.651,5.25,11.65,499.7,401,1,96.12,-1.76,0.329,0.7,111115,,,
Initial,10-Oct,FR8     ,18,d                                     ,28,11:06:02,3074.5,22.8,0.2,204,5.95,2.93,2.3,1,4.46,28.2,26.13,28.21,420.47,408.87,2.122,4.849,5.31,12.14,499.7,400,1,96.12,-1.76,0.329,0.7,111115,,,
Initial,10-Oct,CE10    ,18,d                                     ,29,11:08:17,3209.5,21.7,0.202,215,6.26,3.04,2.3,1,4.46,28.21,26.74,28.22,420.37,409.19,2.151,5.019,5.38,12.56,499.7,399,1,96.12,-1.76,0.329,0.7,111115,,,
Initial,10-Oct,PI9     ,18,d                                     ,30,11:12:06,3439,6.37,0.0293,53.2,1.06,3.44,2.3,1,4.46,28.25,27.56,28.25,420.41,417.27,2.178,2.666,5.44,6.65,499.6,400,1,96.12,-1.76,0.329,1,111115,,,
